Name,Type,Value,Rarity,Att,Component Type,Metatag,Component,Note
Leeching Slug,Ammunition (any),150,Uncommon,-C,Undead,,Phial of congealed blood,
Longshot (Blue Benevolence),Ammunition (arrow or bolt),1300,Rare,,Aberration,,Phial of mucus,
Longshot (Indigo Insanity),Ammunition (arrow or bolt),6200,Very Rare,,Aberration,,Phial of mucus,
Longshot (Purple Petrification),Ammunition (arrow or bolt),28800,Legendary,,Aberration,,Phial of mucus,
Longshot (Red Restoration),Ammunition (arrow or bolt),410,Uncommon,,Aberration,,Phial of mucus,
Longshot (Teal Torpor),Ammunition (arrow or bolt),1300,Rare,,Aberration,,Phial of mucus,
Pitbone Arrow (Uncommon),Ammunition (arrow),90,Uncommon,-C,Fiend,Pitcrow,Pouch of feathers,
Pitbone Arrow (Rare),Ammunition (arrow),170,Rare,-C,Fiend,Pitcrow,Pouch of feathers,
Pitbone Arrow (Very Rare),Ammunition (arrow),400,Very Rare,-C,Fiend,Pitcrow,Pouch of feathers,
Voidshot (Rare),Ammunition (arrow or bolt),300,Rare,-C,Aberration,Beholder,Main eye,
Voidshot (Very Rare),Ammunition (arrow or bolt),680,Very Rare,-C,Aberration,Beholder,Main eye,
Xyxlwood Arrow (Bramblestrike),Ammunition (arrow),250,Rare,-C,Plant,,Bundle of roots,
Xyxlwood Arrow (Splinterstrike),Ammunition (arrow),150,Uncommon,-C,Plant,,Bundle of roots,
Xyxlwood Arrow (Tanglestrike),Ammunition (arrow),620,Very Rare,-C,Plant,,Bundle of roots,
Beetle Buckler (Uncommon),Armour (shield),660,Uncommon,Req,Fey,Scarab,Carapace,
Beetle Buckler (Rare),Armour (shield),2260,Rare,Req,Fey,Scarab,Carapace,
Beetle Buckler (Very Rare),Armour (shield),12850,Very Rare,Req,Fey,Scarab,Carapace,
Blessed Bastion (Rare),Armour (shield),2780,Rare,Enh+,Magical material,,Consecrated silver,
Blessed Bastion (Very Rare),Armour (shield),11460,Very Rare,Enh+,Magical material,,Consecrated silver,
Blood Mithral Plate (Rare),Armour (medium or heavy),3770,Rare,Req,Magical material,,Blood mithral,
Blood Mithral Plate (Very Rare),Armour (medium or heavy),13210,Very Rare,Req,Magical material,,Blood mithral,
Blood Mithral Plate (Legendary),Armour (medium or heavy),68400,Legendary,Req,Magical material,,Blood mithral,
Breastplate of the Sunken King (Rare),Armour (medium or heavy),4700,Rare,Req,Aberration,,Chitin,
Breastplate of the Sunken King (Very Rare),Armour (medium or heavy),13250,Very Rare,Req,Aberration,,Chitin,
Breastplate of the Sunken King (Legendary),Armour (medium or heavy),60730,Legendary,Req,Aberration,,Chitin,
Bronze Bulwark (Rare),Armour (shield),740,Rare,Req,Dragon,Bronze,Pouch of scales,
Bronze Bulwark (Very Rare),Armour (shield),4310,Very Rare,Req,Dragon,Bronze,Pouch of scales,
Bronze Bulwark (Legendary),Armour (shield),12400,Legendary,Req,Dragon,Bronze,Pouch of scales,
Copper Cuirass (Uncommon),"Armour (medium or heavy, but not hide)",760,Uncommon,Req,Dragon,Copper,Pouch of scales,
Copper Cuirass (Rare),"Armour (medium or heavy, but not hide)",4110,Rare,Req,Dragon,Copper,Pouch of scales,
Copper Cuirass (Very Rare),"Armour (medium or heavy, but not hide)",12400,Very Rare,Req,Dragon,Copper,Pouch of scales,
Demonbane Armour (Uncommon),"Armour (breastplate, half plate, or plate)",370,Uncommon,,Fiend,Demon,Bone,
Demonbane Armour (Rare),"Armour (breastplate, half plate, or plate)",1530,Rare,,Fiend,Demon,Bone,
Demonbane Armour (Very Rare),"Armour (breastplate, half plate, or plate)",7830,Very Rare,,Fiend,Demon,Bone,
Dungeoneer's Shield (Uncommon),Armour (shield),610,Uncommon,Req,Aberration,,Brain,
Dungeoneer's Shield (Rare),Armour (shield),3280,Rare,Req,Aberration,,Brain,
Dungeoneer's Shield (Very Rare),Armour (shield),12150,Very Rare,Req,Aberration,,Brain,
Firebird's Plumage (Uncommon),Armour (medium or heavy),650,Uncommon,Req,Elemental,,Core of fire,
Firebird's Plumage (Rare),Armour (medium or heavy),2930,Rare,Req,Elemental,,Core of fire,
Firebird's Plumage (Very Rare),Armour (medium or heavy),10850,Very Rare,Req,Elemental,,Core of fire,
Magehunter Bulwark (Uncommon),Armour (shield),560,Uncommon,Req,Monstrosity,Sphinx,Bone,
Magehunter Bulwark (Rare),Armour (shield),2730,Rare,Req,Monstrosity,Sphinx,Bone,
Magehunter Bulwark (Very Rare),Armour (shield),12600,Very Rare,Req,Monstrosity,Sphinx,Bone,
Magehunter Bulwark (Legendary),Armour (shield),55750,Legendary,Req,Monstrosity,Sphinx,Bone,
Maiden's Tower (Uncommon),Armour (shield),710,Uncommon,Req,Ooze,Amalgamooze,Bone,
Maiden's Tower (Rare),Armour (shield),4190,Rare,Req,Ooze,Amalgamooze,Bone,
Maiden's Tower (Very Rare),Armour (shield),12350,Very Rare,Req,Ooze,Amalgamooze,Bone,
Nemean Cuirass (Uncommon),Armour (medium or heavy),590,Uncommon,Req,Monstrosity,,Pelt,
Nemean Cuirass (Rare),Armour (medium or heavy),4410,Rare,Req,Monstrosity,,Pelt,
Nemean Cuirass (Very Rare),Armour (medium or heavy),11530,Very Rare,Req,Monstrosity,,Pelt,
Plate of the Magehunter Sergeant,"Armour (breastplate, half plate, or plate)",500,Uncommon,Req,Monstrosity,Sphinx,Pelt,
Plate of the Magehunter Captain,"Armour (breastplate, half plate, or plate)",2140,Rare,Req,Monstrosity,Sphinx,Pelt,
Plate of the Magehunter General,"Armour (breastplate, half plate, or plate)",12650,Very Rare,Req,Monstrosity,Sphinx,Pelt,
Overgrown Barkshield (Uncommon),Armour (shield),740,Uncommon,Req,Plant,,Bark,
Overgrown Barkshield (Rare),Armour (shield),3960,Rare,Req,Plant,,Bark,
Overgrown Barkshield (Very Rare),Armour (shield),12300,Very Rare,Req,Plant,,Bark,
Shadowstalker Garb (Uncommon),Armour (light or medium),390,Uncommon,Req,Construct,,Instructions,
Shadowstalker Garb (Rare),Armour (light or medium),4700,Rare,Req,Construct,,Instructions,
Shield of Retaliation (Uncommon),Armour (shield),330,Uncommon,,Fiend,,Heart,
Shield of Retaliation (Rare),Armour (shield),1340,Rare,,Fiend,,Heart,
Shield of Retaliation (Very Rare),Armour (shield),6610,Very Rare,,Fiend,,Heart,
Starfallen Force Shield (Rare),Armour (shield),2740,Rare,,Elemental,,Primordial dust,
Starfallen Force Shield (Very Rare),Armour (shield),9230,Very Rare,,Elemental,,Primordial dust,
Starfallen Force Shield (Legendary),Armour (shield),38820,Legendary,,Elemental,,Primordial dust,
Xyxlbark Armour (Rare),"Armour (breastplate, half plate, or plate)",2590,Rare,Opt,Plant,,Bark,
Xyxlbark Armour (Very Rare),"Armour (breastplate, half plate, or plate)",11800,Very Rare,Opt,Plant,,Bark,
Xyxlbark Armour (Legendary),"Armour (breastplate, half plate, or plate)",72130,Legendary,Opt,Plant,,Bark,
Beast Serum (Bone Marrow Bouillon),Potion,960,Uncommon,-C,Humanoid,Shapechanger,Phial of blood,
Beast Serum (Beast Serum),Potion,6220,Rare,-C,Humanoid,Shapechanger,Phial of blood,
Juice of Partial Polymorph (Uncommon),Potion,250,Uncommon,-C,Beast,,Heart,
Juice of Partial Polymorph (Rare),Potion,1420,Rare,-C,Beast,,Heart,
Juvenile Spawn Elixir (Rare),Potion,1300,Rare,-C,Aberration,,Egg,
Juvenile Spawn Elixir (Very Rare),Potion,6200,Very Rare,-C,Aberration,,Egg,
Potion of Planar Infusion (Rare),Potion,1080,Rare,-C,Aberration,,Phial of mucus,
Potion of Planar Infusion (Very Rare),Potion,5670,Very Rare,-C,Aberration,,Phial of mucus,
Allfather's Eye (Uncommon),Ring,700,Uncommon,Req+,Humanoid,Stormsinger,Eye,
Allfather's Eye (Rare),Ring,3030,Rare,Req+,Humanoid,Stormsinger,Eye,
Allfather's Eye (Very Rare),Ring,8780,Very Rare,Req+,Humanoid,Stormsinger,Eye,
Allfather's Own Eye,Ring,58500,Legendary,Req+,Humanoid,Stormsinger,Eye,
Andvaranaut (Common),Ring,40,Common,,Celestial,,Bone,
Andvaranaut (Uncommon),Ring,430,Uncommon,,Celestial,,Bone,
Arcanomagnetic Rings (Rare),Ring,2320,Rare,Req,Dragon,Magnetite,Pouch of scales,
Arcanomagnetic Rings (Very Rare),Ring,11030,Very Rare,Req,Dragon,Magnetite,Pouch of scales,
Candlebrand Ring (Uncommon),Ring,410,Uncommon,,Elemental,Pontiff,Molten eye,
Candlebrand Ring (Rare),Ring,1470,Rare,,Elemental,Pontiff,Molten eye,
Candlebrand Ring (Very Rare),Ring,6900,Very Rare,,Elemental,Pontiff,Molten eye,
Coralborn Ring (Uncommon),Ring,330,Uncommon,,Beast,,Chitin,
Coralborn Ring (Rare),Ring,1640,Rare,,Beast,,Chitin,
Eyes of the Forgotten (Uncommon),Ring,500,Uncommon,,Aberration,,Eye,
Eyes of the Forgotten (Rare),Ring,2150,Rare,,Aberration,,Eye,
Eyes of the Forgotten (Very Rare),Ring,9580,Very Rare,,Aberration,,Eye,
Isfjell Ring of Icebergs (Very Rare),Ring,9230,Very Rare,Opt,Elemental,Ice mephit,Core of water,
Isfjell Ring of Icebergs (Legendary),Ring,57980,Legendary,Opt,Elemental,Ice mephit,Core of water,
Moonstone Dreamer (Rare),Ring,1980,Rare,,Dragon,,Eye,
Moonstone Dreamer (Very Rare),Ring,10230,Very Rare,,Dragon,,Eye,
Ring of Birdseye Maple (Uncommon),Ring,840,Uncommon,Opt,Plant,Awakened tree,Bundle of roots,
Ring of Birdseye Maple (Very Rare),Ring,11200,Very Rare,Opt,Plant,Awakened tree,Bundle of roots,
Ring of the Sunken King (Uncommon),Ring,680,Uncommon,Req,Aberration,,Tentacle,
Ring of the Sunken King (Rare),Ring,2650,Rare,Req,Aberration,,Tentacle,
Runewarding Ring (Uncommon),Ring,730,Uncommon,Req,Fiend,,Phial of blood,
Runewarding Ring (Rare),Ring,3720,Rare,Req,Fiend,,Phial of blood,
Runewarding Ring (Very Rare),Ring,11900,Very Rare,Req,Fiend,,Phial of blood,
Sundial Ring (Rare),Ring,1960,Rare,,Fey,Sunsprite,Antenna,
Sundial Ring (Very Rare),Ring,7740,Very Rare,,Fey,Sunsprite,Antenna,
Amethyst Cosmos (Rare),"Rod, staff, or wand",3600,Rare,Req,Dragon,Amethyst,Heart,
Amethyst Cosmos (Very Rare),"Rod, staff, or wand",11700,Very Rare,Req,Dragon,Amethyst,Heart,
Amethyst Cosmos (Legendary),"Rod, staff, or wand",51820,Legendary,Req,Dragon,Amethyst,Heart,
Baton of the Mindbender (Uncommon),"Rod, staff, or wand",840,Uncommon,Req,Aberration,,Brain,
Baton of the Mindbender (Rare),"Rod, staff, or wand",3910,Rare,Req,Aberration,,Brain,
Baton of the Mindbender (Very Rare),"Rod, staff, or wand",10400,Very Rare,Req,Aberration,,Brain,
Black Bloom (Uncommon),"Rod, staff, or wand",600,Uncommon,Req,Fey,"Bramble Queen",Psyche,
Black Bloom (Rare),"Rod, staff, or wand",2650,Rare,Req,Fey,"Bramble Queen",Psyche,
Black Bloom (Very Rare),"Rod, staff, or wand",10900,Very Rare,Req,Fey,"Bramble Queen",Psyche,
Branch of the Worldtree (Rare),Wand,4390,Rare,Req+,Plant,,Bark,
Branch of the Worldtree (Very Rare),Wand,11200,Very Rare,Req+,Plant,,Bark,
Coral Wand (Uncommon),Wand,600,Uncommon,Req,Beast,,Poison gland,
Coral Wand (Rare),Wand,3910,Rare,Req,Beast,,Poison gland,
Flashfreezer (Uncommon),Staff,400,Uncommon,,Elemental,,Volatile mote of water,
Flashfreezer (Rare),Staff,1750,Rare,,Elemental,,Volatile mote of water,
Flashfreezer (Very Rare),Staff,8650,Very Rare,,Elemental,,Volatile mote of water,
Flutterby Rod (Uncommon),Rod,630,Uncommon,Req,Fey,Pixie,Pouch of dust,
Flutterby Rod (Rare),Rod,2550,Rare,Req,Fey,Pixie,Pouch of dust,
Flutterby Rod (Very Rare),Rod,9850,Very Rare,Req,Fey,Pixie,Pouch of dust,
Gentleman's Umbershield (Uncommon),Wand,500,Uncommon,,Aberration,,Hide,
Gentleman's Umbershield (Rare),Wand,6640,Rare,,Aberration,,Hide,
Gentleman's Umbershield (Very Rare),Wand,12580,Very Rare,,Aberration,,Hide,
Kraken-on-a-Stick (Uncommon),"Rod, staff, or wand",680,Uncommon,,Monstrosity,Kraken,Tentacle,
Kraken-on-a-Stick (Rare),"Rod, staff, or wand",4700,Rare,,Monstrosity,Kraken,Tentacle,
Kraken-on-a-Stick (Very Rare),"Rod, staff, or wand",10650,Very Rare,,Monstrosity,Kraken,Tentacle,
Sceptre of the Spellcrafter (Uncommon),"Rod, staff, or wand",630,Uncommon,Req,Elemental,,Primordial dust,
Sceptre of the Spellcrafter (Rare),"Rod, staff, or wand",3910,Rare,Req,Elemental,,Primordial dust,
Sceptre of the Spellcrafter (Very Rare),"Rod, staff, or wand",12400,Very Rare,Req,Elemental,,Primordial dust,
Sceptre of the Sunken King (Rare),Rod,2630,Rare,Req,Aberration,,Tentacle,
Sceptre of the Sunken King (Very Rare),Rod,11080,Very Rare,Req,Aberration,,Tentacle,
Skinwalker Staff (Rare),Staff,3280,Rare,Req+,Beast,,Pelt,
Skinwalker Staff (Very Rare),Staff,11200,Very Rare,Req+,Beast,,Pelt,
Topaz Despoiler (Uncommon),"Rod, staff, or wand",830,Uncommon,Req,Dragon,Topaz,Heart,
Topaz Despoiler (Rare),"Rod, staff, or wand",3600,Rare,Req,Dragon,Topaz,Heart,
Topaz Despoiler (Very Rare),"Rod, staff, or wand",11950,Very Rare,Req,Dragon,Topaz,Heart,
Staff of Decay (Rare),Staff,3280,Rare,Req,Plant,,Membrane,
Staff of Decay (Very Rare),Staff,14900,Very Rare,Req,Plant,,Membrane,
Taz's Zealous Retribution (Uncommon),Wand,640,Uncommon,Opt,Construct,,Lifespark,
Taz's Zealous Retribution (Rare),Wand,4740,Rare,Opt,Construct,,Lifespark,
Taz's Zealous Retribution (Very Rare),Wand,11800,Very Rare,Opt,Construct,,Lifespark,
Waxen Sceptre (Uncommon),"Rod, staff, or wand",770,Uncommon,Req,Elemental,Pontiff,Core of wax,
Waxen Sceptre (Rare),"Rod, staff, or wand",3280,Rare,Req,Elemental,Pontiff,Core of wax,
Waxen Sceptre (Very Rare),"Rod, staff, or wand",11200,Very Rare,Req,Elemental,Pontiff,Core of wax,
Scroll of Fungi (Uncommon),Scroll,330,Uncommon,,Plant,,Pouch of hyphae,
Scroll of Fungi (Rare),Scroll,1640,Rare,,Plant,,Pouch of hyphae,
Scroll of Fungi (Very Rare),Scroll,7250,Very Rare,,Plant,,Pouch of hyphae,
Abyssal Bane (Uncommon),Weapon (any melee),400,Uncommon,,Fiend,Demon,Bone,
Abyssal Bane (Rare),Weapon (any melee),1650,Rare,,Fiend,Demon,Bone,
Abyssal Bane (Very Rare),Weapon (any melee),6730,Very Rare,,Fiend,Demon,Bone,
Aldrnari Blade (Uncommon),Weapon (any sword),630,Uncommon,Enh,Dragon,"Red, gold, or brass",Breath sac,
Aldrnari Blade (Rare),Weapon (any sword),2730,Rare,Enh,Dragon,"Red, gold, or brass",Breath sac,
Aldrnari Blade (Very Rare),Weapon (any sword),10900,Very Rare,Enh,Dragon,"Red, gold, or brass",Breath sac,
Aldrnari Blade (Legendary),Weapon (any sword),58110,Legendary,Enh,Dragon,"Red, gold, or brass",Breath sac,
Aperture Sword (Uncommon),Weapon (any sword),690,Uncommon,Req,Construct,,Lifespark,
Aperture Sword (Rare),Weapon (any sword),4390,Rare,Req,Construct,,Lifespark,
Aperture Sword (Very Rare),Weapon (any sword),11900,Very Rare,Req,Construct,,Lifespark,
Axe of the Cretan Bull (Uncommon),Weapon (any axe),370,Uncommon,,Monstrosity,Minotaur,Horn,
Axe of the Cretan Bull (Rare),Weapon (any axe),1560,Rare,,Monstrosity,Minotaur,Horn,
Axe of the Cretan Bull (Very Rare),Weapon (any axe),9150,Very Rare,,Monstrosity,Minotaur,Horn,
Azulash (Uncommon),Weapon (whip),820,Uncommon,Req,Dragon,Blue,Breath sac,
Azulash (Rare),Weapon (whip),4740,Rare,Req,Dragon,Blue,Breath sac,
Azulash (Very Rare),Weapon (whip),12250,Very Rare,Req,Dragon,Blue,Breath sac,
Blade of Prey (Uncommon),Weapon (any sword),400,Uncommon,,Monstrosity,,Pouch of teeth,
Blade of Prey (Rare),Weapon (any sword),1420,Rare,,Monstrosity,,Pouch of teeth,
Blade of Prey (Very Rare),Weapon (any sword),6840,Very Rare,,Monstrosity,,Pouch of teeth,
Blast & Slash (Uncommon),Weapon (battleaxe),720,Uncommon,Req,Construct,,Gears,
Blast & Slash (Very Rare),Weapon (battleaxe),11500,Very Rare,Req,Construct,,Gears,
Bleeding Edge (Uncommon),Weapon (any sword),590,Uncommon,Req,Humanoid,,Phial of blood,
Bleeding Edge (Rare),Weapon (any sword),2290,Rare,Req,Humanoid,,Phial of blood,
Bleeding Edge (Very Rare),Weapon (any sword),9440,Very Rare,Req,Humanoid,,Phial of blood,
Bloodhound's Caress (Uncommon),Weapon (claw),480,Uncommon,,Construct,Bloodhound,Claw,
Bloodhound's Caress (Rare),Weapon (claw),2070,Rare,,Construct,Bloodhound,Claw,
Bloodhound's Caress (Very Rare),Weapon (claw),8070,Very Rare,,Construct,Bloodhound,Claw,
Bloodletter Opener (Uncommon),Weapon (dagger),460,Uncommon,,Humanoid,,Phial of blood,
Bloodletter Opener (Rare),Weapon (dagger),1700,Rare,,Humanoid,,Phial of blood,
Bloodletter Opener (Very Rare),Weapon (dagger),8770,Very Rare,,Humanoid,,Phial of blood,
Bloodlust (Uncommon),Weapon (dagger),380,Uncommon,,Monstrosity,Minotaur,Phial of blood,
Bloodlust (Rare),Weapon (dagger),1590,Rare,,Monstrosity,Minotaur,Phial of blood,
Bloodlust (Very Rare),Weapon (dagger),6490,Very Rare,,Monstrosity,Minotaur,Phial of blood,
Blood Drinker (Uncommon),Weapon (glaive or halberd),650,Uncommon,Req,Fiend,Pitcrow,Beak,
Blood Drinker (Rare),Weapon (glaive or halberd),4270,Rare,Req,Fiend,Pitcrow,Beak,
Blood Drinker (Very Rare),Weapon (glaive or halberd),11350,Very Rare,Req,Fiend,Pitcrow,Beak,
Blood Drinker (Legendary),Weapon (glaive or halberd),59680,Legendary,Req,Fiend,Pitcrow,Beak,
Broken Promise (Uncommon),Weapon (any sword),750,Uncommon,Req,Humanoid,,Phial of blood,
Broken Promise (Rare),Weapon (any sword),3640,Rare,Req,Humanoid,,Phial of blood,
Broken Promise (Very Rare),Weapon (any sword),10700,Very Rare,Req,Humanoid,,Phial of blood,
Buzzkill (Uncommon),Weapon (any sword),590,Uncommon,Req,Beast,Bee,Egg,
Buzzkill (Rare),Weapon (any sword),3280,Rare,Req,Beast,Bee,Egg,
Buzzkill (Very Rare),Weapon (any sword),11200,Very Rare,Req,Beast,Bee,Egg,
B.O.N.K. Mk. 2 (Rare),Weapon (any hammer),4700,Rare,Req,Construct,,Gears,
B.O.N.K. Mk. 2 (Very Rare),Weapon (any hammer),12900,Very Rare,Req,Construct,,Gears,
Catclaw & Sharkfin (Uncommon),Weapon (claw),560,Uncommon,Req,Beast,,Pouch of claws,
Catclaw & Sharkfin (Rare),Weapon (claw),5100,Rare,Req,Beast,,Pouch of claws,
Catclaw & Sharkfin (Very Rare),Weapon (claw),13900,Very Rare,Req,Beast,,Pouch of claws,
Ceremonial Macuahuitl (Rare),Weapon (greatsword or longsword),4780,Rare,Req+,Humanoid,,Phial of blood,
Ceremonial Macuahuitl (Very Rare),Weapon (greatsword or longsword),12550,Very Rare,Req+,Humanoid,,Phial of blood,
Ceremonial Macuahuitl (Legendary),Weapon (greatsword or longsword),57590,Legendary,Req+,Humanoid,,Phial of blood,
Consecrated Weapon (Uncommon),Weapon (any melee),680,Uncommon,Enh+,Magical material,,Consecrated silver,
Consecrated Weapon (Rare),Weapon (any melee),2340,Rare,Enh+,Magical material,,Consecrated silver,
Consecrated Weapon (Very Rare),Weapon (any melee),13060,Very Rare,Enh+,Magical material,,Consecrated silver,
Coral Crusher (Uncommon),Weapon (any hammer),580,Uncommon,,Beast,,Chitin,
Coral Crusher (Rare),Weapon (any hammer),2340,Rare,,Beast,,Chitin,
Coral Crusher (Very Rare),Weapon (any hammer),10280,Very Rare,,Beast,,Chitin,
Coruscant Cutlass (Uncommon),Weapon (any sword),670,Uncommon,Req,Celestial,Couatl,Pouch of scales,
Coruscant Cutlass (Rare),Weapon (any sword),2890,Rare,Req,Celestial,Couatl,Pouch of scales,
Coruscant Cutlass (Very Rare),Weapon (any sword),10750,Very Rare,Req,Celestial,Couatl,Pouch of scales,
Cosmic Starknife (Uncommon),Weapon (starknife),660,Uncommon,Req,Magical material,,Cosmic iron,
Cosmic Starknife (Rare),Weapon (starknife),4230,Rare,Req,Magical material,,Cosmic iron,
Cosmic Starknife (Very Rare),Weapon (starknife),11530,Very Rare,Req,Magical material,,Cosmic iron,
Coward's Bane (Uncommon),Weapon (any sword),580,Uncommon,Req,Beast,Bear,Pelt,
Coward's Bane (Rare),Weapon (any sword),2690,Rare,Req,Beast,Bear,Pelt,
Coward's Bane (Very Rare),Weapon (any sword),11600,Very Rare,Req,Beast,Bear,Pelt,
Crimson Tyrant (Rare),Weapon (any axe),4620,Rare,Req,Dragon,Red,Pouch of claws,
Crimson Tyrant (Very Rare),Weapon (any axe),11500,Very Rare,Req,Dragon,Red,Pouch of claws,
Crimson Tyrant (Legendary),Weapon (any axe),52610,Legendary,Req,Dragon,Red,Pouch of claws,
Curse of Three (Uncommon),Weapon (any sword),620,Uncommon,Req,Fey,,Bone,
Curse of Three (Rare),Weapon (any sword),4430,Rare,Req,Fey,,Bone,
Curse of Three (Very Rare),Weapon (any sword),12460,Very Rare,Req,Fey,,Bone,
Dagger of the Deep (Uncommon),Weapon (dagger),370,Uncommon,,Monstrosity,,Bone,
Dagger of the Deep (Rare),Weapon (dagger),1750,Rare,,Monstrosity,,Bone,
Dagger of the Deep (Very Rare),Weapon (dagger),8650,Very Rare,,Monstrosity,,Bone,
Dagger of the Deep (Legendary),Weapon (dagger),41330,Legendary,,Monstrosity,,Bone,
Demented Cultist's Scimitar (Rare),Weapon (scimitar),3910,Rare,Req,Aberration,,Pouch of teeth,
Demented Cultist's Scimitar (Very Rare),Weapon (scimitar),11400,Very Rare,Req,Aberration,,Pouch of teeth,
Desire (Uncommon),Weapon (any sword),740,Uncommon,Opt,Fiend,,Poison gland,
Desire (Rare),Weapon (any sword),2490,Rare,Opt,Fiend,,Poison gland,
Desire (Very Rare),Weapon (any sword),12160,Very Rare,Opt,Fiend,,Poison gland,
Electro-Immolator (Uncommon),Weapon (any sword),450,Uncommon,,Construct,,Plating,
Electro-Immolator (Rare),Weapon (any sword),1780,Rare,,Construct,,Plating,
Electro-Immolator (Very Rare),Weapon (any sword),8350,Very Rare,,Construct,,Plating,
Epiphany (Uncommon),Weapon (any sword),680,Uncommon,Req,Celestial,,Phial of blood,
Epiphany (Rare),Weapon (any sword),4230,Rare,Req,Celestial,,Phial of blood,
Epiphany (Very Rare),Weapon (any sword),11300,Very Rare,Req,Celestial,,Phial of blood,
Evening Moon (Uncommon),Weapon (chakram),490,Uncommon,Req,Celestial,,Pouch of dust,
Evening Moon (Rare),Weapon (chakram),4350,Rare,Req,Celestial,,Pouch of dust,
Evening Moon (Very Rare),Weapon (chakram),14750,Very Rare,Req,Celestial,,Pouch of dust,
Evening Moon (Legendary),Weapon (chakram),67680,Legendary,Req,Celestial,,Pouch of dust,
Faerie Moon (Rare),Weapon (any polearm),3990,Rare,Req,Fey,,Eye,
Faerie Moon (Very Rare),Weapon (any polearm),11000,Very Rare,Req,Fey,,Eye,
Felix's Hammer of Fury (Uncommon),Weapon (any hammer),710,Uncommon,Req,Celestial,,Soul,
Felix's Hammer of Fury (Rare),Weapon (any hammer),4780,Rare,Req,Celestial,,Soul,
Felix's Hammer of Fury (Very Rare),Weapon (any hammer),11500,Very Rare,Req,Celestial,,Soul,
Firebird's Touch (Uncommon),"Weapon (glaive, halberd, or pike)",390,Uncommon,,Elemental,,Core of fire,
Firebird's Touch (Rare),"Weapon (glaive, halberd, or pike)",1610,Rare,,Elemental,,Core of fire,
Firebird's Touch (Very Rare),"Weapon (glaive, halberd, or pike)",6900,Very Rare,,Elemental,,Core of fire,
Fishfolk Sword (Uncommon),Weapon (any sword or dagger),380,Uncommon,,Elemental,,Volatile mote of water,
Fishfolk Sword (Very Rare),Weapon (any sword or dagger),7190,Very Rare,,Elemental,,Volatile mote of water,
Flutterblade (Uncommon),Weapon (any sword),660,Uncommon,Req,Fey,Adelifae,Proboscis,
Flutterblade (Rare),Weapon (any sword),3140,Rare,Req,Fey,Adelifae,Proboscis,
Flutterblade (Very Rare),Weapon (any sword),12180,Very Rare,Req,Fey,Adelifae,Proboscis,
Frostblessed (Rare),Weapon (any sword),4700,Rare,Enh,Dragon,"White or silver",Breath sac,
Frostblessed (Very Rare),Weapon (any sword),13080,Very Rare,Enh,Dragon,"White or silver",Breath sac,
Frostblessed (Legendary),Weapon (any sword),65580,Legendary,Enh,Dragon,"White or silver",Breath sac,
Frostrune Axe (Uncommon),Weapon (any axe),630,Uncommon,Enh,Dragon,"White or silver",Pouch of scales,
Frostrune Axe (Rare),Weapon (any axe),2730,Rare,Enh,Dragon,"White or silver",Pouch of scales,
Frostrune Axe (Very Rare),Weapon (any axe),10900,Very Rare,Enh,Dragon,"White or silver",Pouch of scales,
Frostrune Axe (Legendary),Weapon (any axe),58110,Legendary,Enh,Dragon,"White or silver",Pouch of scales,
Frost & Flame (Rare),Weapon (dagger),4190,Rare,Req,Elemental,,"Core of fire & core of water",
Frost & Flame (Very Rare),Weapon (dagger),11710,Very Rare,Req,Elemental,,"Core of fire & core of water",
Ghost Cutlass (Uncommon),Weapon (scimitar),510,Uncommon,,Undead,Ghost,Ethereal ichor,
Ghost Cutlass (Rare),Weapon (scimitar),2170,Rare,,Undead,Ghost,Ethereal ichor,
Ghost Cutlass (Very Rare),Weapon (scimitar),9900,Very Rare,,Undead,Ghost,Ethereal ichor,
Graveshredder (Rare),Weapon (battleaxe),3930,Rare,Req,Undead,,Pouch of teeth,
Graveshredder (Very Rare),Weapon (battleaxe),11450,Very Rare,Req,Undead,,Pouch of teeth,
Gullinbursti Tusks (Uncommon),Weapon (dagger),680,Uncommon,Req,Beast,"Giant boar",Tusk,
Gullinbursti Tusks (Rare),Weapon (dagger),3800,Rare,Req,Beast,"Giant boar",Tusk,
Hand of the King (Very Rare),Weapon (any sword),12480,Very Rare,Req,Celestial,Devourer,Brain,
Heartbeater (Uncommon),Weapon (flail),740,Uncommon,Req,Ooze,Amalgamooze,Heart,
Heartbeater (Rare),Weapon (flail),3440,Rare,Req,Ooze,Amalgamooze,Heart,
Heart Rob (Very Rare),Weapon (dagger),11450,Very Rare,,Monstrosity,Shapechanger,Heart,
Hellscape Chatterbane (Uncommon),Weapon (any melee),300,Uncommon,,Fiend,,Pouch of teeth,
Hellscape Chatterbane (Rare),Weapon (any melee),1440,Rare,,Fiend,,Pouch of teeth,
Hellscape Chatterbane (Very Rare),Weapon (any melee),6840,Very Rare,,Fiend,,Pouch of teeth,
Herculean Horn (Uncommon),Weapon (lance),330,Uncommon,,Fey,Scarab,Pouch of claws,
Herculean Horn (Rare),Weapon (lance),1880,Rare,,Fey,Scarab,Pouch of claws,
Herculean Horn (Very Rare),Weapon (lance),7430,Very Rare,,Fey,Scarab,Pouch of claws,
Hexecutioner Blade (Uncommon),Weapon (shortsword),380,Uncommon,,Construct,,Plating,
Hexecutioner Blade (Rare),Weapon (shortsword),1640,Rare,,Construct,,Plating,
Hovercutter (Uncommon),Weapon (dagger),550,Uncommon,Req,Elemental,,Core of air,
Hovercutter (Rare),Weapon (dagger),3910,Rare,Req,Elemental,,Core of air,
Hovercutter (Very Rare),Weapon (dagger),10800,Very Rare,Req,Elemental,,Core of air,
Jawbone Machete (Uncommon),Weapon (scimitar),310,Uncommon,,Beast,Dinosaur,Pouch of teeth,
Jawbone Machete (Rare),Weapon (scimitar),1300,Rare,,Beast,Dinosaur,Pouch of teeth,
Jawbone Machete (Very Rare),Weapon (scimitar),9930,Very Rare,,Beast,Dinosaur,Pouch of teeth,
Kill Quill (Uncommon),Weapon (rapier),330,Uncommon,,Construct,,Phial of oil,
Kill Quill (Rare),Weapon (rapier),1580,Rare,,Construct,,Phial of oil,
Kill Quill (Very Rare),Weapon (rapier),8300,Very Rare,,Construct,,Phial of oil,
King's Regret (Uncommon),Weapon (any sword),760,Uncommon,Req,Dragon,Chromatic,Heart,
King's Regret (Rare),Weapon (any sword),3480,Rare,Req,Dragon,Chromatic,Heart,
King's Regret (Very Rare),Weapon (any sword),11150,Very Rare,Req,Dragon,Chromatic,Heart,
Lance of the Crab Knight (Rare),Weapon (lance),4860,Rare,Req,Beast,"Giant crab",Pincer,
Lance of the Crab Knight (Very Rare),Weapon (lance),12330,Very Rare,Req,Beast,"Giant crab",Pincer,
Liberator (Uncommon),Weapon (any sword),430,Uncommon,,Celestial,,Pouch of feathers,
Liberator (Rare),Weapon (any sword),1570,Rare,,Celestial,,Pouch of feathers,
Liberator (Very Rare),Weapon (any sword),9060,Very Rare,,Celestial,,Pouch of feathers,
Lichslayer (Rare),Weapon (any),2320,Rare,Req,Undead,Lich,Undying heart,
Lichslayer (Legendary),Weapon (any),47500,Legendary,Req,Undead,Lich,Undying heart,
Lockshiv (Uncommon),Weapon (dagger),420,Uncommon,,Ooze,,Vesicle,
Lockshiv (Rare),Weapon (dagger),1920,Rare,,Ooze,,Vesicle,
Mace of the Torchbearer (Rare),Weapon (mace),4900,Rare,Req,Elemental,,"Volatile mote of fire",
Mace of the Torchbearer (Very Rare),Weapon (mace),12700,Very Rare,Req,Elemental,,"Volatile mote of fire",
Magehunter Blade (Rare),Weapon (any sword),3720,Rare,Req,Monstrosity,Sphinx,Pouch of claws,
Magehunter Blade (Very Rare),Weapon (any sword),10450,Very Rare,Req,Monstrosity,Sphinx,Pouch of claws,
Magehunter Blade (Legendary),Weapon (any sword),72000,Legendary,Req,Monstrosity,Sphinx,Pouch of claws,
Magnum Opus (Uncommon),Weapon (any sword),700,Uncommon,Req,Fey,,Psyche,
Magnum Opus (Rare),Weapon (any sword),3720,Rare,Req,Fey,,Psyche,
Magnum Opus (Very Rare),Weapon (any sword),11950,Very Rare,Req,Fey,,Psyche,
Many-Headed Flail (Uncommon),Weapon (flail),560,Uncommon,Req,Monstrosity,Hydra,Pouch of teeth,
Many-Headed Flail (Rare),Weapon (flail),3130,Rare,Req,Monstrosity,Hydra,Pouch of teeth,
Many-Headed Flail (Very Rare),Weapon (flail),11630,Very Rare,Req,Monstrosity,Hydra,Pouch of teeth,
Midnight Corrosion (Uncommon),Weapon (any sword),680,Uncommon,Req,Dragon,Black,Breath sac,
Midnight Corrosion (Rare),Weapon (any sword),3720,Rare,Req,Dragon,Black,Breath sac,
Midnight Corrosion (Very Rare),Weapon (any sword),11350,Very Rare,Req,Dragon,Black,Breath sac,
Mithral Exsanguinator (Uncommon),Weapon (war crescent),490,Uncommon,,Magical material,,Blood mithral,
Mithral Exsanguinator (Rare),Weapon (war crescent),2060,Rare,,Magical material,,Blood mithral,
Mithral Exsanguinator (Very Rare),Weapon (war crescent),9280,Very Rare,,Magical material,,Blood mithral,
Morning Star (Uncommon),Weapon (morningstar),630,Uncommon,Req,Elemental,,Core of fire,
Morning Star (Rare),Weapon (morningstar),4010,Rare,Req,Elemental,,Core of fire,
Morning Star (Very Rare),Weapon (morningstar),10380,Very Rare,Req,Elemental,,Core of fire,
Morning Star (Legendary),Weapon (morningstar),57850,Legendary,Req,Elemental,,Core of fire,
Nature's Vengeance (Uncommon),Weapon (scimitar or sickle),590,Uncommon,Req,Plant,,Bundle of roots,
Nature's Vengeance (Rare),Weapon (scimitar or sickle),3280,Rare,Req,Plant,,Bundle of roots,
Nature's Vengeance (Very Rare),Weapon (scimitar or sickle),11200,Very Rare,Req,Plant,,Bundle of roots,
Needlemonger's Sting (Uncommon),Weapon (rapier),650,Uncommon,Req,Fey,,Brain,
Needlemonger's Sting (Rare),Weapon (rapier),3130,Rare,Req,Fey,,Brain,
Needlemonger's Sting (Very Rare),Weapon (rapier),11630,Very Rare,Req,Fey,,Brain,
Nemean Spear (Rare),Weapon (spear),1730,Rare,,Monstrosity,,Pouch of claws,
Nemean Spear (Very Rare),Weapon (spear),9320,Very Rare,,Monstrosity,,Pouch of claws,
Pale Rage (Uncommon),Weapon (morningstar),750,Uncommon,Req,Dragon,White,Bone,
Pale Rage (Rare),Weapon (morningstar),4210,Rare,Req,Dragon,White,Bone,
Pale Rage (Very Rare),Weapon (morningstar),11800,Very Rare,Req,Dragon,White,Bone,
Palisade (Uncommon),Weapon (any polearm),930,Uncommon,Req,Construct,,Plating,
Palisade (Rare),Weapon (any polearm),5450,Rare,Req,Construct,,Plating,
Phantom Blade (Uncommon),Weapon (any sword),790,Uncommon,Req,Undead,Ghost,Ethereal ichor,
Phantom Blade (Rare),Weapon (any sword),3520,Rare,Req,Undead,Ghost,Ethereal ichor,
Phantom Cutters (Uncommon),Weapon (twinblade),500,Uncommon,,Fey,,Psyche,
Phantom Cutters (Rare),Weapon (twinblade),2120,Rare,,Fey,,Psyche,
Phantom Cutters (Very Rare),Weapon (twinblade),10630,Very Rare,,Fey,,Psyche,
Psionblade (Uncommon),Weapon (any sword),860,Uncommon,Req,Monstrosity,"Phase spider",Pouch of teeth,
Psionblade (Rare),Weapon (any sword),3780,Rare,Req,Monstrosity,"Phase spider",Pouch of teeth,
Psionblade (Very Rare),Weapon (any sword),11250,Very Rare,Req,Monstrosity,"Phase spider",Pouch of teeth,
Quicksilver Blade (Uncommon),Weapon (any sword),790,Uncommon,Req,Dragon,Silver,Pouch of scales,
Quicksilver Blade (Rare),Weapon (any sword),5670,Rare,Req,Dragon,Silver,Pouch of scales,
Radiant Dark (Uncommon),Weapon (any sword),590,Uncommon,Req,"Celestial & fiend",,Heart,
Radiant Dark (Rare),Weapon (any sword),4780,Rare,Req,"Celestial & fiend",,Heart,
Radiant Dark (Very Rare),Weapon (any sword),11700,Very Rare,Req,"Celestial & fiend",,Heart,
Rapier of the Yellow King (Common),Weapon (rapier),130,Common,Req,Aberration,,Main eye,
Rapier of the Yellow King (Very Rare),Weapon (rapier),10630,Very Rare,Req,Aberration,,Main eye,
Rapier of the Yellow King (Legendary),Weapon (rapier),57460,Legendary,Req,Aberration,,Main eye,
Rootbound Multiweapon (Uncommon),Weapon (any melee),710,Uncommon,Req,Plant,,Bundle of roots,
Rootbound Multiweapon (Rare),Weapon (any melee),3720,Rare,Req,Plant,,Bundle of roots,
Rootbound Multiweapon (Very Rare),Weapon (any melee),11480,Very Rare,Req,Plant,,Bundle of roots,
Rousing Refrain (Uncommon),Weapon (any sword),430,Uncommon,,Monstrosity,Harpy,Pouch of feathers,
Rousing Refrain (Rare),Weapon (any sword),1600,Rare,,Monstrosity,Harpy,Pouch of feathers,
Rousing Refrain (Very Rare),Weapon (any sword),8310,Very Rare,,Monstrosity,Harpy,Pouch of feathers,
Runegold Conduit (Uncommon),Weapon (any sword),660,Uncommon,Req,"Magical material",,Runegold,
Runegold Conduit (Rare),Weapon (any sword),2730,Rare,Req,"Magical material",,Runegold,
Runegold Conduit (Very Rare),Weapon (any sword),10150,Very Rare,Req,"Magical material",,Runegold,
Sawbones Bonesaw (Very Rare),Weapon (any sword that deals slashing damage),12300,Very Rare,Req,Giant,,Tooth,
Sawbones Bonesaw (Legendary),Weapon (any sword that deals slashing damage),57320,Legendary,Req,Giant,,Tooth,
Scalestriker (Uncommon),Weapon (any sword),630,Uncommon,Opt,Monstrosity,Merrow,Pouch of scales,
Scalestriker (Rare),Weapon (any sword),3910,Rare,Opt,Monstrosity,Merrow,Pouch of scales,
Scalestriker (Very Rare),Weapon (any sword),11130,Very Rare,Opt,Monstrosity,Merrow,Pouch of scales,
Scorching Wrath (Uncommon),Weapon (dagger),720,Uncommon,Req,Monstrosity,Remorhaz,Pouch of teeth,
Scorching Wrath (Rare),Weapon (dagger),3800,Rare,Req,Monstrosity,Remorhaz,Pouch of teeth,
Scorching Wrath (Very Rare),Weapon (dagger),11580,Very Rare,Req,Monstrosity,Remorhaz,Pouch of teeth,
Scythe of the Headless Seahorseman (Rare),Weapon (glaive or halberd),3910,Rare,Req,Beast,"Giant sea horse",Fin,
Scythe of the Headless Seahorseman (Very Rare),Weapon (glaive or halberd),10750,Very Rare,Req,Beast,"Giant sea horse",Fin,
Sea Serpent's Tooth (Dragon Turtle's Claw),Weapon (club or greatclub),53000,Legendary,,Dragon,"Dragon turtle",Pouch of claws,
Sea Serpent's Tooth (Kraken's Beak),Weapon (club or greatclub),36790,Legendary,,Monstrosity,Kraken,Beak,
Sea Serpent's Tooth,Weapon (club or greatclub),8240,Very Rare,,Dragon,,Pouch of teeth,
Seashell Weapon (Common),Weapon (any),30,Common,,Beast,,Fin,
Seashell Weapon (Uncommon),Weapon (any),310,Uncommon,,Beast,,Fin,
Seashell Weapon (Uncommon),Weapon (any),780,Uncommon,,Beast,,Fin,
Sevenfold Reaper (Rare),Weapon (any sword),2790,Rare,Req,Plant,,Pouch of leaves,
Sevenfold Reaper (Very Rare),Weapon (any sword),11280,Very Rare,Req,Plant,,Pouch of leaves,
Sharktooth (Rare),Weapon (greatsword or longsword),4900,Rare,Req,Beast,"Giant shark",Pouch of teeth,
Sharktooth (Very Rare),Weapon (greatsword or longsword),14430,Very Rare,Req,Beast,"Giant shark",Pouch of teeth,
Singularity (Uncommon),Weapon (quarterstaff),590,Uncommon,Req,Aberration,,Brain,
Singularity (Rare),Weapon (quarterstaff),4150,Rare,Req,Aberration,,Brain,
Singularity (Very Rare),Weapon (quarterstaff),9700,Very Rare,Req,Aberration,,Brain,
Sir Wrenchinald the Third (Rare),Weapon (mace),2320,Rare,Req,Fey,,Psyche,
Sir Wrenchinald the Third (Very Rare),Weapon (mace),11880,Very Rare,Req,Fey,,Psyche,
Sparkblade Mk. 1,Weapon (any sword),720,Uncommon,Req,Dragon,"Blue or bronze",Breath sac,
Sparkblade Mk. 2,Weapon (any sword),2320,Rare,Req,Dragon,"Blue or bronze",Breath sac,
Sparkblade Mk. 3,Weapon (any sword),10080,Very Rare,Req,Dragon,"Blue or bronze",Breath sac,
Sparkblade Mk. 4,Weapon (any sword),45140,Legendary,Req,Dragon,"Blue or bronze",Breath sac,
Spear of the Stormsinger (Uncommon),Weapon (quarterstaff),550,Uncommon,Req,Dragon,"Blue or bronze",Breath sac,
Spear of the Stormsinger (Rare),Weapon (quarterstaff),5180,Rare,Req,Dragon,"Blue or bronze",Breath sac,
Spear of the Stormsinger (Very Rare),Weapon (quarterstaff),12200,Very Rare,Req,Dragon,"Blue or bronze",Breath sac,
Spellbreaker (Uncommon),Weapon (war pick),710,Uncommon,Req,"Magical material",,Cold iron,
Spellbreaker (Rare),Weapon (war pick),2970,Rare,Req,"Magical material",,Cold iron,
Spellbreaker (Very Rare),Weapon (war pick),12850,Very Rare,Req,"Magical material",,Cold iron,
Springwing (Uncommon),Weapon (scimitar),650,Uncommon,Opt,Fey,,Pouch of feathers,
Springwing (Rare),Weapon (scimitar),3670,Rare,Opt,Fey,,Pouch of feathers,
Springwing (Very Rare),Weapon (scimitar),11900,Very Rare,Opt,Fey,,Pouch of feathers,
Starforged Weapon (Rare),Weapon (any),1810,Rare,,Fiend,,Pouch of dust,
Starforged Weapon (Very Rare),Weapon (any),8360,Very Rare,,Fiend,,Pouch of dust,
Starforged Weapon (Legendary),Weapon (any),41800,Legendary,,Fiend,,Pouch of dust,
Starrunner's Twinblade (Uncommon),Weapon (twinblade),860,Uncommon,Opt,Aberration,,Brain,
Starrunner's Twinblade (Rare),Weapon (twinblade),4680,Rare,Opt,Aberration,,Brain,
Starrunner's Twinblade (Very Rare),Weapon (twinblade),12400,Very Rare,Opt,Aberration,,Brain,
Stellar Remnant (Uncommon),Weapon (any sword),460,Uncommon,,"Magical material",,"Cosmic iron",
Stellar Remnant (Rare),Weapon (any sword),1560,Rare,,"Magical material",,"Cosmic iron",
Storm's Eye (Uncommon),Weapon (any sword),720,Uncommon,Req,Elemental,,Volatile mote of air,
Storm's Eye (Rare),Weapon (any sword),2410,Rare,Req,Elemental,,Volatile mote of air,
Storm's Eye (Very Rare),Weapon (any sword),10910,Very Rare,Req,Elemental,,Volatile mote of air,
Stungunblade (Uncommon),Weapon (any sword),710,Uncommon,Req,Construct,"Divine-infused",Arcanothermic core,
Stungunblade (Rare),Weapon (any sword),3320,Rare,Req,Construct,"Divine-infused",Arcanothermic core,
Stungunblade (Very Rare),Weapon (any sword),10680,Very Rare,Req,Construct,"Divine-infused",Arcanothermic core,
Summoner's Sickle (Uncommon),Weapon (sickle),520,Uncommon,Req,Fiend,Imp,Bone,
Summoner's Sickle (Rare),Weapon (sickle),2180,Rare,Req,Fiend,Imp,Bone,
Summoner's Sickle (Very Rare),Weapon (sickle),9100,Very Rare,Req,Fiend,Imp,Bone,
Suneater Axe (Rare),Weapon (any axe),4800,Rare,Req,Celestial,,Pouch of teeth,
Suneater Axe (Very Rare),Weapon (any axe),14030,Very Rare,Req,Celestial,,Pouch of teeth,
Suneater Axe (Legendary),Weapon (any axe),62300,Legendary,Req,Celestial,,Pouch of teeth,
Sunken Anchor (Uncommon),Weapon (war pick),500,Uncommon,Req,Monstrosity,,Antler,
Sunken Anchor (Rare),Weapon (war pick),3970,Rare,Req,Monstrosity,,Antler,
Sunken Anchor (Very Rare),Weapon (war pick),13200,Very Rare,Req,Monstrosity,,Antler,
Sunken Slasher (Uncommon),Weapon (any sword),510,Uncommon,Req,Elemental,,"Volatile mote of water",
Sunken Slasher (Rare),Weapon (any sword),3360,Rare,Req,Elemental,,"Volatile mote of water",
Sunken Slasher (Very Rare),Weapon (any sword),10600,Very Rare,Req,Elemental,,"Volatile mote of water",
Sunsplitter (Uncommon),Weapon (spear),800,Uncommon,Req,Elemental,,Core of fire,
Sunsplitter (Rare),Weapon (spear),5490,Rare,Req,Elemental,,Core of fire,
Sunsplitter (Very Rare),Weapon (spear),14800,Very Rare,Req,Elemental,,Core of fire,
Technomancer Staff (Rare),Weapon (quarterstaff),1880,Rare,Req,Elemental,,Core of air,
Technomancer Staff (Very Rare),Weapon (quarterstaff),11580,Very Rare,Req,Elemental,,Core of air,
Technomancer Staff (Legendary),Weapon (quarterstaff),63550,Legendary,Req,Elemental,,Core of air,
That-Which-Hungers (Uncommon),Weapon (any sword),700,Uncommon,Req,Aberration,,Brain,
That-Which-Hungers (Rare),Weapon (any sword),2730,Rare,Req,Aberration,,Brain,
That-Which-Hungers (Very Rare),Weapon (any sword),11900,Very Rare,Req,Aberration,,Brain,
The Crystalliser (Uncommon),Weapon (any hammer),430,Uncommon,,"Magical material",,"Planar bismuth",
The Crystalliser (Rare),Weapon (any hammer),1790,Rare,,"Magical material",,"Planar bismuth",
The Crystalliser (Very Rare),Weapon (any hammer),11510,Very Rare,,"Magical material",,"Planar bismuth",
Thurible of the Elder Deacon (Uncommon),Weapon (flail),930,Uncommon,Req,Aberration,,Fat,
Thurible of the Elder Deacon (Rare),Weapon (flail),4800,Rare,Req,Aberration,,Fat,
Tidecutter (Uncommon),Weapon (longsword),760,Uncommon,Req,Elemental,,Core of water,
Tidecutter (Rare),Weapon (longsword),3890,Rare,Req,Elemental,,Core of water,
Tidecutter (Very Rare),Weapon (longsword),12150,Very Rare,Req,Elemental,,Core of water,
Tidecutter (Legendary),Weapon (longsword),54050,Legendary,Req,Elemental,,Core of water,
Titan Feller (Uncommon),Weapon (any sword),420,Uncommon,,Giant,,Bone,
Titan Feller (Rare),Weapon (any sword),1830,Rare,,Giant,,Bone,
Titan Feller (Very Rare),Weapon (any sword),9060,Very Rare,,Giant,,Bone,
Trident of the Electric Eel (Uncommon),Weapon (trident),870,Uncommon,Req,Dragon,Blue,Pouch of teeth,
Trident of the Electric Eel (Rare),Weapon (trident),3300,Rare,Req,Dragon,Blue,Pouch of teeth,
Trident of the Electric Eel (Very Rare),Weapon (trident),10350,Very Rare,Req,Dragon,Blue,Pouch of teeth,
Twinspawn Maulhammer (Uncommon),Weapon (maul),790,Uncommon,Req,Aberration,,Bone,
Twinspawn Maulhammer (Rare),Weapon (maul),4350,Rare,Req,Aberration,,Bone,
Unmarked Grave (Uncommon),Weapon (any sword),690,Uncommon,Req,Undead,,Ethereal ichor,
Unmarked Grave (Rare),Weapon (any sword),3130,Rare,Req,Undead,,Ethereal ichor,
Unmarked Grave (Very Rare),Weapon (any sword),10950,Very Rare,Req,Undead,,Ethereal ichor,
Urchin Flail (Uncommon),Weapon (flail),660,Uncommon,Req,Beast,,Stinger,
Urchin Flail (Rare),Weapon (flail),4090,Rare,Req,Beast,,Stinger,
Urchin Flail (Very Rare),Weapon (flail),12850,Very Rare,Req,Beast,,Stinger,
Verdure (Rare),Weapon (any axe),3230,Rare,Req,Fey,"Bramble Queen",Heart,
Verdure (Very Rare),Weapon (any axe),11880,Very Rare,Req,Fey,"Bramble Queen",Heart,
Viridian Deceiver (Uncommon),Weapon (any polearm),680,Uncommon,Req,Dragon,Green,Pouch of scales,
Viridian Deceiver (Rare),Weapon (any polearm),4270,Rare,Req,Dragon,Green,Pouch of scales,
Viridian Deceiver (Very Rare),Weapon (any polearm),12650,Very Rare,Req,Dragon,Green,Pouch of scales,
Vitalophage (Uncommon),Weapon (any sword),330,Uncommon,,Ooze,,Vesicle,
Vitalophage (Rare),Weapon (any sword),1640,Rare,,Ooze,,Vesicle,
Vitalophage (Very Rare),Weapon (any sword),8070,Very Rare,,Ooze,,Vesicle,
Warhammerhead (Uncommon),Weapon (any hammer),360,Uncommon,,Beast,"Giant shark",Flesh,
Warhammerhead (Rare),Weapon (any hammer),1490,Rare,,Beast,"Giant shark",Flesh,
Warhammerhead (Very Rare),Weapon (any hammer),9930,Very Rare,,Beast,"Giant shark",Flesh,
Weaveshaped Sword (Uncommon),Weapon (any sword),550,Uncommon,Req,Humanoid,Spellcaster,"Phial of blood",
Weaveshaped Sword (Rare),Weapon (any sword),3930,Rare,Req,Humanoid,Spellcaster,"Phial of blood",
Weaveshaped Sword (Very Rare),Weapon (any sword),12950,Very Rare,Req,Humanoid,Spellcaster,"Phial of blood",
Wings of Chaos (Uncommon),Weapon (any sword),390,Uncommon,Req,Fey,,Phial of blood,
Wings of Chaos (Rare),Weapon (any sword),1300,Rare,Req,Fey,,Phial of blood,
Wings of Chaos (Very Rare),Weapon (any sword),8530,Very Rare,Req,Fey,,Phial of blood,
Worldshaper (Very Rare),Weapon (greataxe),15100,Very Rare,,Humanoid,Dwarf,Heart,
Worldshaper (Legendary),Weapon (greataxe),72000,Legendary,,Humanoid,Dwarf,Heart,
Xyxlwood Sporeshiv (Rare),"Weapon (dagger, rapier, or spear)",4390,Rare,Req,Plant,,Pouch of spores,
Xyxlwood Sporeshiv (Very Rare),"Weapon (dagger, rapier, or spear)",12000,Very Rare,Req,Plant,,Pouch of spores,
Demonic Siege Bow (Uncommon),Weapon (any bow),690,Uncommon,Req+,Fiend,Demon,Horn,
Demonic Siege Bow (Rare),Weapon (any bow),3440,Rare,Req+,Fiend,Demon,Horn,
Bloodhound's Immobiliser (Uncommon),Weapon (any firearm),490,Uncommon,,Construct,Bloodhound,Bone,
Bloodhound's Immobiliser (Rare),Weapon (any firearm),1980,Rare,,Construct,Bloodhound,Bone,
Bloodhound's Immobiliser (Very Rare),Weapon (any firearm),9470,Very Rare,,Construct,Bloodhound,Bone,
Bloodshot (Uncommon),Weapon (any firearm),500,Uncommon,,Celestial,,Phial of blood,
Bloodshot (Rare),Weapon (any firearm),2040,Rare,,Celestial,,Phial of blood,
Bloodshot (Very Rare),Weapon (any firearm),8300,Very Rare,,Celestial,,Phial of blood,
Caster Blaster (Uncommon),Weapon (any firearm),430,Uncommon,,Construct,"Divine-infused",Arcanothermic core,
Caster Blaster (Rare),Weapon (any firearm),1650,Rare,,Construct,"Divine-infused",Arcanothermic core,
Caster Blaster (Very Rare),Weapon (any firearm),6480,Very Rare,,Construct,"Divine-infused",Arcanothermic core,
Crosstacean (Uncommon),Weapon (any crossbow),820,Uncommon,Req,Beast,"Giant crab",Pincer,
Crosstacean (Rare),Weapon (any crossbow),3380,Rare,Req,Beast,"Giant crab",Pincer,
Crosstacean (Very Rare),Weapon (any crossbow),13300,Very Rare,Req,Beast,"Giant crab",Pincer,
Deepshot (Uncommon),Weapon (any firearm),430,Uncommon,,Dragon,,Phial of blood,
Deepshot (Rare),Weapon (any firearm),1950,Rare,,Dragon,,Phial of blood,
Deepshot (Very Rare),Weapon (any firearm),8420,Very Rare,,Dragon,,Phial of blood,
Flarefuse (Rare),Weapon (any firearm),1810,Rare,,Aberration,,Heart,
Flarefuse (Very Rare),Weapon (any firearm),10110,Very Rare,,Aberration,,Heart,
Gelid Hunter (Uncommon),Weapon (any crossbow),460,Uncommon,,Fey,Jorfraust,Pouch of claws,
Gelid Hunter (Rare),Weapon (any crossbow),1430,Rare,,Fey,Jorfraust,Pouch of claws,
Gelid Hunter (Very Rare),Weapon (any crossbow),7190,Very Rare,,Fey,Jorfraust,Pouch of claws,
Glimmerbolt (Uncommon),Weapon (any crossbow),660,Uncommon,Req,Celestial,,Hair,
Glimmerbolt (Rare),Weapon (any crossbow),4030,Rare,Req,Celestial,,Hair,
Glimmerbolt (Very Rare),Weapon (any crossbow),12580,Very Rare,Req,Celestial,,Hair,
Piecemaker (Uncommon),Weapon (any firearm),420,Uncommon,,Elemental,,Core of fire,
Piecemaker (Rare),Weapon (any firearm),1650,Rare,,Elemental,,Core of fire,
Piecemaker (Very Rare),Weapon (any firearm),7080,Very Rare,,Elemental,,Core of fire,
Railbow (Uncommon),Weapon (any bow),740,Uncommon,Req,Construct,"Divine-infused",Arcanothermic core,
Railbow (Rare),Weapon (any bow),4700,Rare,Req,Construct,"Divine-infused",Arcanothermic core,
Railbow (Very Rare),Weapon (any bow),10950,Very Rare,Req,Construct,"Divine-infused",Arcanothermic core,
Shrimp Pistol (Uncommon),Weapon (pistol),470,Uncommon,,Aberration,,Pouch of claws,
Shrimp Pistol (Rare),Weapon (pistol),1800,Rare,,Aberration,,Pouch of claws,
Shrimp Pistol (Very Rare),Weapon (pistol),10530,Very Rare,,Aberration,,Pouch of claws,
Spellsling (Uncommon),Weapon (sling or slingshot),810,Uncommon,Opt,Humanoid,Spellcaster,"Phial of blood",
Stheno's Bow (Uncommon),Weapon (any bow),660,Uncommon,Req,Monstrosity,Medusa,Eye,
Stheno's Bow (Rare),Weapon (any bow),3280,Rare,Req,Monstrosity,Medusa,Eye,
Stheno's Bow (Very Rare),Weapon (any bow),10900,Very Rare,Req,Monstrosity,Medusa,Eye,
Thornbow (Uncommon),Weapon (any bow),730,Uncommon,Req,Plant,,Bark,
Thornbow (Rare),Weapon (any bow),3240,Rare,Req,Plant,,Bark,
Thornbow (Very Rare),Weapon (any bow),11780,Very Rare,Req,Plant,,Bark,
Willbow (Uncommon),Weapon (any bow),690,Uncommon,Req,Undead,"Will-o-wisp",Ethereal ichor,
Willbow (Rare),Weapon (any bow),3360,Rare,Req,Undead,"Will-o-wisp",Ethereal ichor,
Willbow (Very Rare),Weapon (any bow),13900,Very Rare,Req,Undead,"Will-o-wisp",Ethereal ichor,
Winter's End (Uncommon),Weapon (any bow),540,Uncommon,Req,Plant,,Bundle of roots,
Winter's End (Rare),Weapon (any bow),3140,Rare,Req,Plant,,Bundle of roots,
Winter's End (Very Rare),Weapon (any bow),12450,Very Rare,Req,Plant,,Bundle of roots,
Winter's End (Legendary),Weapon (any bow),67680,Legendary,Req,Plant,,Bundle of roots,
Allure (Uncommon),Wondrous item,690,Uncommon,Req,Fey,,Eye,
Allure (Rare),Wondrous item,4900,Rare,Req,Fey,,Eye,
Allure (Very Rare),Wondrous item,11300,Very Rare,Req,Fey,,Eye,
Amalgamask (Uncommon),Wondrous item,730,Uncommon,Req,Ooze,Amalgamooze,Vesicle,
Amalgamask (Rare),Wondrous item,3130,Rare,Req,Ooze,Amalgamooze,Vesicle,
Amalgamask (Very Rare),Wondrous item,11400,Very Rare,Req,Ooze,Amalgamooze,Vesicle,
Angry Mob Starter Pack (Uncommon),Wondrous item,380,Uncommon,,Fey,,Egg,
Angry Mob Starter Pack (Rare),Wondrous item,1330,Rare,,Fey,,Egg,
Arcane Treaders (Uncommon),Wondrous item,700,Uncommon,Req,Fey,"Blink dog",Pelt,
Arcane Treaders (Rare),Wondrous item,2850,Rare,Req,Fey,"Blink dog",Pelt,
Arcane Treaders (Very Rare),Wondrous item,10350,Very Rare,Req,Fey,"Blink dog",Pelt,
Arcanowax,Wondrous item,1730,Rare,-C,"Celestial, fey, fiend, & undead",,Fat,
Argent Gliders (Uncommon),Wondrous item,760,Uncommon,Req,Dragon,Silver,Pouch of scales,
Argent Gliders (Rare),Wondrous item,4580,Rare,Req,Dragon,Silver,Pouch of scales,
Argent Gliders (Very Rare),Wondrous item,12850,Very Rare,Req,Dragon,Silver,Pouch of scales,
Armonica (Uncommon),Wondrous item,880,Uncommon,Req+,Humanoid,,Phial of blood,
Armonica (Very Rare),Wondrous item,10830,Very Rare,Req+,Humanoid,,Phial of blood,
Astrochronometer (Uncommon),Wondrous item,380,Uncommon,Req,Construct,,Gears,
Astrochronometer (Very Rare),Wondrous item,9100,Very Rare,Req,Construct,,Gears,
Aurumplate Robes (Rare),Wondrous item,3680,Rare,Req,"Magical material",,Runegold,
Aurumplate Robes (Very Rare),Wondrous item,13100,Very Rare,Req,"Magical material",,Runegold,
Banner of Bloody Transfusion (Rare),Wondrous item,4110,Rare,Req,Humanoid,,Phial of blood,
Banner of Bloody Transfusion (Legendary),Wondrous item,52870,Legendary,Req,Humanoid,,Phial of blood,
Barrier Bracer (Uncommon),Wondrous item,610,Uncommon,Req,Construct,"Divine-infused",Plating,
Barrier Bracer (Rare),Wondrous item,3600,Rare,Req,Construct,"Divine-infused",Plating,
Bismuth Crown (Uncommon),Wondrous item,650,Uncommon,Req,"Magical material",,"Planar bismuth",
Bismuth Crown (Rare),Wondrous item,2490,Rare,Req,"Magical material",,"Planar bismuth",
Bismuth Crown (Very Rare),Wondrous item,12200,Very Rare,Req,"Magical material",,"Planar bismuth",
Blood Minister Syringe (Uncommon),Wondrous item,330,Uncommon,,Beast,,Phial of blood,
Blood Minister Syringe (Rare),Wondrous item,2040,Rare,,Beast,,Phial of blood,
Bloodhound's Widebrim (Uncommon),Wondrous item,730,Uncommon,Req,Construct,Bloodhound,Pelt,
Bloodhound's Widebrim (Rare),Wondrous item,3990,Rare,Req,Construct,Bloodhound,Pelt,
Bloodhound's Widebrim (Very Rare),Wondrous item,11900,Very Rare,Req,Construct,Bloodhound,Pelt,
Bloodwax (Uncommon),Wondrous item,310,Uncommon,-C,Fiend,,Fat,
Bloodwax (Rare),Wondrous item,1120,Rare,-C,Fiend,,Fat,
Bloom Boots (Uncommon),Wondrous item,590,Uncommon,Req,Plant,,Bundle of roots,
Bloom Boots (Rare),Wondrous item,4230,Rare,Req,Plant,,Bundle of roots,
Bloom Boots (Very Rare),Wondrous item,10500,Very Rare,Req,Plant,,Bundle of roots,
Bracers of the Jaguar Warrior (Uncommon),Wondrous item,860,Uncommon,Req,Beast,Panther,Pelt,
Bracers of the Jaguar Warrior (Rare),Wondrous item,5250,Rare,Req,Beast,Panther,Pelt,
Bracers of the Jaguar Warrior (Very Rare),Wondrous item,13600,Very Rare,Req,Beast,Panther,Pelt,
Bramble Lace Gloves (Uncommon),Wondrous item,590,Uncommon,Req,Fey,"Bramble Queen",Pouch of thorns,
Bramble Lace Gloves (Rare),Wondrous item,3200,Rare,Req,Fey,"Bramble Queen",Pouch of thorns,
Bramble Lace Gloves (Very Rare),Wondrous item,11800,Very Rare,Req,Fey,"Bramble Queen",Pouch of thorns,
Brawler's Wraps,Wondrous item,50,Common,,Giant,Hill,Skin,
Brazen Shelter (Uncommon),Wondrous item,650,Uncommon,Req,Dragon,Brass,Fat,
Brazen Shelter (Rare),Wondrous item,3870,Rare,Req,Dragon,Brass,Fat,
Brazen Shelter (Very Rare),Wondrous item,11050,Very Rare,Req,Dragon,Brass,Fat,
Candlelight Mitre (Uncommon),Wondrous item,730,Uncommon,Req,Elemental,Pontiff,Candleplume,
Candlelight Mitre (Rare),Wondrous item,3440,Rare,Req,Elemental,Pontiff,Candleplume,
Candlelight Mitre (Very Rare),Wondrous item,11500,Very Rare,Req,Elemental,Pontiff,Candleplume,
Ceremonial Mask (Uncommon),Wondrous item,520,Uncommon,Req,Undead,,Undying flesh,
Ceremonial Mask (Rare),Wondrous item,4230,Rare,Req,Undead,,Undying flesh,
Ceremonial Mask (Very Rare),Wondrous item,14000,Very Rare,Req,Undead,,Undying flesh,
Cloak of the Cnidaran (Uncommon),Wondrous item,690,Uncommon,Req,Fey,"Sea hag",Skin,
Cloak of the Cnidaran (Rare),Wondrous item,2420,Rare,Req,Fey,"Sea hag",Skin,
Cloak of the Cnidaran (Very Rare),Wondrous item,10500,Very Rare,Req,Fey,"Sea hag",Skin,
Cloak of the Dunamancer (Uncommon),Wondrous item,510,Uncommon,Req,Aberration,,Hide,
Cloak of the Dunamancer (Rare),Wondrous item,3520,Rare,Req,Aberration,,Hide,
Cloak of the Dunamancer (Very Rare),Wondrous item,13100,Very Rare,Req,Aberration,,Hide,
Cloak of the Moth Rider (Uncommon),Wondrous item,670,Uncommon,Req,Fey,Adelifae,Wings,
Cloak of the Moth Rider (Rare),Wondrous item,4290,Rare,Req,Fey,Adelifae,Wings,
Cloak of the Moth Rider (Very Rare),Wondrous item,11080,Very Rare,Req,Fey,Adelifae,Wings,
Clockwork Wyvern,Wondrous item,1080,Rare,Req,Construct,,Lifespark,
Clutching Crown (Rare),Wondrous item,2790,Rare,Req,Celestial,Devourer,Bone,
Clutching Crown (Very Rare),Wondrous item,10680,Very Rare,Req,Celestial,Devourer,Bone,
Clutching Crown (Legendary),Wondrous item,48280,Legendary,Req,Celestial,Devourer,Bone,
Constable's Badge of Authority,Wondrous item,540,Uncommon,Opt,Fey,,Brain,
Commander's Badge of Authority,Wondrous item,4020,Rare,Opt,Fey,,Brain,
Director's Badge of Authority,Wondrous item,12140,Very Rare,Opt,Fey,,Brain,
Coralborn Harp (Rare),Wondrous item,2420,Rare,Req,Fey,,Hair,
Coralborn Harp (Very Rare),Wondrous item,10730,Very Rare,Req,Fey,,Hair,
Cranium Rat Cowl (Uncommon),Wondrous item,690,Uncommon,Req,Aberration,Rat,Brain,
Cranium Rat Cowl (Rare),Wondrous item,4070,Rare,Req,Aberration,Rat,Brain,
Cranium Rat Cowl (Very Rare),Wondrous item,12600,Very Rare,Req,Aberration,Rat,Brain,
Cranium Rat Cowl (Legendary),Wondrous item,62830,Legendary,Req,Aberration,Rat,Brain,
Crystal Seer (Uncommon),Wondrous item,730,Uncommon,Req,Dragon,Crystal,Eye,
Crystal Seer (Rare),Wondrous item,3360,Rare,Req,Dragon,Crystal,Eye,
Crystal Seer (Very Rare),Wondrous item,12730,Very Rare,Req,Dragon,Crystal,Eye,
Cultist Robes of the Acolyte,Wondrous item,670,Uncommon,Req,Aberration,,Hide,
Cultist Robes of the Chosen,Wondrous item,2400,Rare,Req,Aberration,,Hide,
Cultist Robes of the Prophet,Wondrous item,11260,Very Rare,Req,Aberration,,Hide,
Dark Candle (Uncommon),Wondrous item,310,Uncommon,-C,Undead,,Rancid fat,
Dark Candle (Very Rare),Wondrous item,6200,Very Rare,-C,Undead,,Rancid fat,
Dead Man's Chalice (Common),Wondrous item,50,Common,,Undead,,Ethereal ichor,
Dead Man's Chalice (Rare),Wondrous item,2780,Rare,,Undead,,Ethereal ichor,
Deathfibrillator (Uncommon),Wondrous item,430,Uncommon,,Construct,,Lifespark,
Deathfibrillator (Rare),Wondrous item,1810,Rare,,Construct,,Lifespark,
Dingotamatone (Uncommon),Wondrous item,770,Uncommon,Req,Fey,,Psyche,
Dingotamatone (Rare),Wondrous item,5630,Rare,Req,Fey,,Psyche,
Dingotamatone (Very Rare),Wondrous item,10580,Very Rare,Req,Fey,,Psyche,
Drakenhorn (Uncommon),Wondrous item,440,Uncommon,Req,Dragon,,Horn,
Drakenhorn (Very Rare),Wondrous item,10400,Very Rare,Req,Dragon,,Horn,
Emberink Stationery (Rare),Wondrous item,4230,Rare,Req,Fiend,,Phial of blood,
Emberink Stationery (Very Rare),Wondrous item,14200,Very Rare,Req,Fiend,,Phial of blood,
Emerald Archive (Uncommon),Wondrous item,730,Uncommon,Opt,Dragon,Emerald,Pouch of scales,
Emerald Archive (Rare),Wondrous item,3910,Rare,Opt,Dragon,Emerald,Pouch of scales,
Emerald Archive (Very Rare),Wondrous item,11400,Very Rare,Opt,Dragon,Emerald,Pouch of scales,
Epipentagram (Uncommon),Wondrous item,430,Uncommon,,Fiend,,Bone,
Epipentagram (Rare),Wondrous item,2010,Rare,,Fiend,,Bone,
Eye of the Planesrunner (Uncommon),Wondrous item,620,Uncommon,Req+,Humanoid,Spellcaster,Eye,
Eye of the Planesrunner (Rare),Wondrous item,2490,Rare,Req+,Humanoid,Spellcaster,Eye,
Eye of the Planesrunner (Very Rare),Wondrous item,10400,Very Rare,Req+,Humanoid,Spellcaster,Eye,
Flesh Symbiont,Hand (Uncommon),Wondrous item,670,Uncommon,Req+,Humanoid,,Pouch of teeth,
Flesh Symbiont,Hand (Rare),Wondrous item,3740,Rare,Req+,Humanoid,,Pouch of teeth,
Flesh Symbiont,Heart (Rare),Wondrous item,2250,Rare,,Humanoid,,Heart,
Flesh Symbiont,Heart (Very Rare),Wondrous item,9290,Very Rare,,Humanoid,,Heart,
Flumfpot (Uncommon),Wondrous item,380,Uncommon,,Aberration,,Tentacle,
Flumfpot (Rare),Wondrous item,1700,Rare,,Aberration,,Tentacle,
Flyleaf Familiar (Uncommon),Wondrous item,560,Uncommon,Req,Construct,,Instructions,
Flyleaf Familiar (Rare),Wondrous item,2730,Rare,Req,Construct,,Instructions,
Garb of Euryale (Uncommon),Wondrous item,650,Uncommon,Req,Monstrosity,Medusa,Eye,
Garb of Euryale (Rare),Wondrous item,2950,Rare,Req,Monstrosity,Medusa,Eye,
Garb of Euryale (Very Rare),Wondrous item,12180,Very Rare,Req,Monstrosity,Medusa,Eye,
Garlycanthrope,Wondrous item,460,Uncommon,,Plant,,Poison gland,
Gloves of Finger Guns (Uncommon),Wondrous item,820,Uncommon,Req,Fey,,Skin,
Gloves of Finger Guns (Rare),Wondrous item,4700,Rare,Req,Fey,,Skin,
Golden Glory (Rare),Wondrous item,3830,Rare,Req,Dragon,Gold,Pouch of scales,
Golden Glory (Very Rare),Wondrous item,13400,Very Rare,Req,Dragon,Gold,Pouch of scales,
Golden Glory (Legendary),Wondrous item,64140,Legendary,Req,Dragon,Gold,Pouch of scales,
Grasping Mantle (Rare),Wondrous item,4070,Rare,Req,Celestial,Devourer,Skin,
Grasping Mantle (Very Rare),Wondrous item,12250,Very Rare,Req,Celestial,Devourer,Skin,
Gravity Cube (Rare),Wondrous item,1900,Rare,,Construct,,Plating,
Gravity Cube (Very Rare),Wondrous item,8010,Very Rare,,Construct,,Plating,
Gravity Cube (Legendary),Wondrous item,56280,Legendary,,Construct,,Plating,
Griffon's Cloak (Uncommon),Wondrous item,500,Uncommon,Req,Monstrosity,Griffon,Pouch of feathers,
Griffon's Cloak (Rare),Wondrous item,4780,Rare,Req,Monstrosity,Griffon,Pouch of feathers,
Griffon's Cloak (Very Rare),Wondrous item,13900,Very Rare,Req,Monstrosity,Griffon,Pouch of feathers,
Happy Healper (Rare),Wondrous item,1390,Rare,,Celestial,,Liver,
Happy Healper (Very Rare),Wondrous item,7830,Very Rare,,Celestial,,Liver,
Happy Healper (Legendary),Wondrous item,24980,Legendary,,Celestial,,Liver,
Hat of the Hermit Hag (Uncommon),Wondrous item,760,Uncommon,Req,Fey,Hag,Brain,
Hat of the Hermit Hag (Rare),Wondrous item,3440,Rare,Req,Fey,Hag,Brain,
Hat of the Hermit Hag (Very Rare),Wondrous item,8600,Very Rare,Req,Fey,Hag,Brain,
Heart of Stone (Uncommon),Wondrous item,740,Uncommon,Req,Fiend,,Soul,
Heart of Stone (Rare),Wondrous item,1630,Rare,Req,Fiend,,Soul,
Heart of Stone (Very Rare),Wondrous item,9100,Very Rare,Req,Fiend,,Soul,
Heavy Mobile Drill (Uncommon),Wondrous item,710,Uncommon,Req,Elemental,,Core of earth,
Heavy Mobile Drill (Rare),Wondrous item,5140,Rare,Req,Elemental,,Core of earth,
Helm of Iron Will (Uncommon),Wondrous item,530,Uncommon,Req,Giant,Troll,Hair,
Helm of Iron Will (Rare),Wondrous item,1940,Rare,Req,Giant,Troll,Hair,
Helm of Iron Will (Very Rare),Wondrous item,10900,Very Rare,Req,Giant,Troll,Hair,
Helmet of the Dino Slayer (Rare),Wondrous item,3300,Rare,Req,Beast,Dinosaur,Pouch of scales,
Helmet of the Dino Slayer (Very Rare),Wondrous item,11680,Very Rare,Req,Beast,Dinosaur,Pouch of scales,
Helmet of the Hammerhead Knight (Uncommon),Wondrous item,790,Uncommon,Req,Beast,"Giant shark",Pouch of scales,
Helmet of the Hammerhead Knight (Rare),Wondrous item,2570,Rare,Req,Beast,"Giant shark",Pouch of scales,
Hex Runners (Uncommon),Wondrous item,790,Uncommon,Req,Construct,"Divine-infused",Gears,
Hex Runners (Rare),Wondrous item,4110,Rare,Req,Construct,"Divine-infused",Gears,
Hex Runners (Very Rare),Wondrous item,11150,Very Rare,Req,Construct,"Divine-infused",Gears,
Hexaminator (Uncommon),Wondrous item,880,Uncommon,Req,Aberration,,Eye,
Hexaminator (Rare),Wondrous item,3280,Rare,Req,Aberration,,Eye,
Hexaminator (Very Rare),Wondrous item,13300,Very Rare,Req,Aberration,,Eye,
Hospitaller's Garb (Rare),Wondrous item,2650,Rare,Req,Fiend,,Hair,
Hospitaller's Garb (Very Rare),Wondrous item,12300,Very Rare,Req,Fiend,,Hair,
Hospitaller's Garb (Legendary),Wondrous item,74100,Legendary,Req,Fiend,,Hair,
Huntsman's Goggles (Uncommon),Wondrous item,730,Uncommon,Req,Fey,Jorfraust,Heart,
Huntsman's Goggles (Rare),Wondrous item,4110,Rare,Req,Fey,Jorfraust,Heart,
Huntsman's Goggles (Very Rare),Wondrous item,11200,Very Rare,Req,Fey,Jorfraust,Heart,
Infested Cultist's Skull (Uncommon),Wondrous item,430,Uncommon,,Humanoid,Cultist,Bone,
Infested Cultist's Skull (Very Rare),Wondrous item,8880,Very Rare,,Humanoid,Cultist,Bone,
Jade Skull of the Sun King,Wondrous item,4390,Rare,Req,Celestial,Couatl,Pouch of feathers,
Kabuto (Uncommon),Wondrous item,660,Uncommon,Req,Fey,Scarab,Horn,
Kabuto (Rare),Wondrous item,3470,Rare,Req,Fey,Scarab,Horn,
Kabuto (Very Rare),Wondrous item,11340,Very Rare,Req,Fey,Scarab,Horn,
Ka-Ma-Ra (Common),Wondrous item,50,Common,,Fiend,,Eye,
Ka-Ma-Ra (Uncommon),Wondrous item,470,Uncommon,,Fiend,,Eye,
Ka-Ma-Ra (Rare),Wondrous item,1220,Rare,,Fiend,,Eye,
Kraken Mine (Very Rare),Wondrous item,5440,Very Rare,-C,Monstrosity,Kraken,Liver,
Kraken Mine (Legendary),Wondrous item,28310,Legendary,-C,Monstrosity,Kraken,Liver,
Leaden Manacles (Uncommon),Wondrous item,470,Uncommon,,Giant,,Nail,
Leaden Manacles (Very Rare),Wondrous item,9120,Very Rare,,Giant,,Nail,
Lenz the Inspector (Uncommon),Wondrous item,370,Uncommon,,Aberration,,Eye,
Lenz the Inspector (Very Rare),Wondrous item,8660,Very Rare,,Aberration,,Eye,
Lernaean Pendant (Uncommon),Wondrous item,620,Uncommon,Req,Monstrosity,Hydra,Liver,
Lernaean Pendant (Rare),Wondrous item,3850,Rare,Req,Monstrosity,Hydra,Liver,
Lernaean Pendant (Very Rare),Wondrous item,12630,Very Rare,Req,Monstrosity,Hydra,Liver,
Lilypad Sunhat (Common),Wondrous item,110,Common,Req,Plant,,Pouch of leaves,
Lilypad Sunhat (Uncommon),Wondrous item,600,Uncommon,Req,Plant,,Pouch of leaves,
Living Flute (Uncommon),Wondrous item,590,Uncommon,Req,Plant,,Bark,
Living Flute (Rare),Wondrous item,4390,Rare,Req,Plant,,Bark,
Living Flute (Very Rare),Wondrous item,11200,Very Rare,Req,Plant,,Bark,
Magebind Shackles (Rare),Wondrous item,1900,Rare,,"Magical material",,Cold iron,
Magebind Shackles (Very Rare),Wondrous item,8880,Very Rare,,"Magical material",,Cold iron,
Magician's Gloves (Uncommon),Wondrous item,480,Uncommon,Req,Undead,,Ethereal ichor,
Magician's Gloves (Rare),Wondrous item,2970,Rare,Req,Undead,,Ethereal ichor,
Magician's Gloves (Very Rare),Wondrous item,13450,Very Rare,Req,Undead,,Ethereal ichor,
Mapifying Glass (Common),Wondrous item,40,Common,,Fey,,Eye,
Mapifying Glass (Uncommon),Wondrous item,330,Uncommon,,Fey,,Eye,
Mapifying Glass (Rare),Wondrous item,1640,Rare,,Fey,,Eye,
Mechanical Tail (Uncommon),Wondrous item,740,Uncommon,Req,Construct,,Phial of blood,
Mechanical Tail (Rare),Wondrous item,2850,Rare,Req,Construct,,Phial of blood,
Mechanical Tail (Very Rare),Wondrous item,12250,Very Rare,Req,Construct,,Phial of blood,
Mechanical Tail (Legendary),Wondrous item,54180,Legendary,Req,Construct,,Phial of blood,
Mete-ore Bracers (Uncommon),Wondrous item,590,Uncommon,Req,"Magical material",,"Cosmic iron",
Mete-ore Bracers (Rare),Wondrous item,3280,Rare,Req,"Magical material",,"Cosmic iron",
Mete-ore Bracers (Very Rare),Wondrous item,10400,Very Rare,Req,"Magical material",,"Cosmic iron",
Mimic Ship-in-a-Bottle,Wondrous item,330,Uncommon,,Monstrosity,Mimic,Egg,
Minoan Helm (Rare),Wondrous item,2140,Rare,Opt,Monstrosity,Minotaur,Horn,
Minoan Helm (Very Rare),Wondrous item,11250,Very Rare,Opt,Monstrosity,Minotaur,Horn,
Mirror of Truesight (Uncommon),Wondrous item,370,Uncommon,,Fiend,,Eye,
Mirror of Truesight (Rare),Wondrous item,2070,Rare,,Fiend,,Eye,
Mirror of Truesight (Very Rare),Wondrous item,9700,Very Rare,,Fiend,,Eye,
Monkey's Paw (Rare),Wondrous item,2380,Rare,Req,Fiend,Devil,Soul,
Monkey's Paw (Very Rare),Wondrous item,12280,Very Rare,Req,Fiend,Devil,Soul,
Monkey's Paw (Legendary),Wondrous item,65450,Legendary,Req,Fiend,Devil,Soul,
Orb of the Prescient Protector (Uncommon),Wondrous item,690,Uncommon,Req,Aberration,,Main eye,
Orb of the Prescient Protector (Rare),Wondrous item,4740,Rare,Req,Aberration,,Main eye,
Orb of the Prescient Protector (Very Rare),Wondrous item,11650,Very Rare,Req,Aberration,,Main eye,
Origami Beetle,Wondrous item,40,Common,-C,Plant,,Pouch of leaves,
Origami Butterfly,Wondrous item,240,Uncommon,-C,Plant,,Pouch of leaves,
Origami Gold-Leaf Dragon,Wondrous item,42160,Legendary,-C,Plant,,Pouch of leaves,
Origami Swallow,Wondrous item,1050,Rare,-C,Plant,,Pouch of leaves,
Origami Unicorn,Wondrous item,9230,Very Rare,-C,Plant,,Pouch of leaves,
Ornate Ceramic Prosthesis (Uncommon),Wondrous item,660,Uncommon,Req+,Construct,"Clay golem",Flesh,
Ornate Ceramic Prosthesis (Rare),Wondrous item,4780,Rare,Req+,Construct,"Clay golem",Flesh,
Owlsight Goggles (Uncommon),Wondrous item,470,Uncommon,,Beast,"Giant owl",Eye,
Owlsight Goggles (Rare),Wondrous item,1830,Rare,,Beast,"Giant owl",Eye,
Peeper Paintbrush (Uncommon),Wondrous item,600,Uncommon,Req,Aberration,Peeper,Antenna,
Peeper Paintbrush (Very Rare),Wondrous item,9800,Very Rare,Req,Aberration,Peeper,Antenna,
Peeper Paintbrush (Legendary),Wondrous item,54180,Legendary,Req,Aberration,Peeper,Antenna,
Phantom Limb,Wondrous item,540,Uncommon,Req+,Undead,Ghost,Ethereal ichor,
Plague Docteur Masque (Uncommon),Wondrous item,640,Uncommon,,Beast,"Giant rat",Eye,
Plague Docteur Masque (Rare),Wondrous item,2580,Rare,,Beast,"Giant rat",Eye,
Plague Docteur Masque (Very Rare),Wondrous item,10630,Very Rare,,Beast,"Giant rat",Eye,
Pluckpatch (Uncommon),Wondrous item,520,Uncommon,Req,Fiend,,Skin,
Pluckpatch (Rare),Wondrous item,2180,Rare,Req,Fiend,,Skin,
Pluckpatch (Very Rare),Wondrous item,11550,Very Rare,Req,Fiend,,Skin,
Portable Potion Press (Uncommon),Wondrous item,380,Uncommon,,Construct,,Gears,
Portable Potion Press (Rare),Wondrous item,1210,Rare,,Construct,,Gears,
Portable Potion Press (Very Rare),Wondrous item,7780,Very Rare,,Construct,,Gears,
Preying Mantis (Rare),Wondrous item,4390,Rare,Req,Plant,,Poison gland,
Preying Mantis (Very Rare),Wondrous item,13250,Very Rare,Req,Plant,,Poison gland,
Privateer Coat (Uncommon),Wondrous item,800,Uncommon,Req,Beast,Lion,Hair,
Privateer Coat (Rare),Wondrous item,3500,Rare,Req,Beast,Lion,Hair,
Quantum Earring of the Paranoid (Rare),Wondrous item,2100,Rare,,Monstrosity,,Antenna,
Quantum Earring of the Paranoid (Very Rare),Wondrous item,9230,Very Rare,,Monstrosity,,Antenna,
Quick-Grow Acorns (Uncommon),Wondrous item,180,Uncommon,-C,Plant,,Phial of sap,
Quick-Grow Acorns (Very Rare),Wondrous item,4010,Very Rare,-C,Plant,,Phial of sap,
Raven's Gown (Uncommon),Wondrous item,590,Uncommon,Req,Fey,,Pouch of feathers,
Raven's Gown (Very Rare),Wondrous item,2180,Very Rare,Req,Fey,,Pouch of feathers,
Runestone of Ocean Currents (Uncommon),Wondrous item,380,Uncommon,,Elemental,,"Volatile mote of water",
Runestone of Ocean Currents (Rare),Wondrous item,1640,Rare,,Elemental,,"Volatile mote of water",
Runestone of Ocean Currents (Legendary),Wondrous item,30230,Legendary,,Elemental,,"Volatile mote of water",
Sapphire Seeker (Uncommon),Wondrous item,800,Uncommon,Req,Dragon,Sapphire,Heart,
Sapphire Seeker (Rare),Wondrous item,4390,Rare,Req,Dragon,Sapphire,Heart,
Sapphire Seeker (Very Rare),Wondrous item,10100,Very Rare,Req,Dragon,Sapphire,Heart,
Scarf of Winter,Wondrous item,50,Common,,Fey,Jorfraust,Hair,
Scorch Helm (Uncommon),Wondrous item,690,Uncommon,Req,Elemental,,Core of fire,
Scorch Helm (Rare),Wondrous item,2520,Rare,Req,Elemental,,Core of fire,
Scorch Helm (Very Rare),Wondrous item,12290,Very Rare,Req,Elemental,,Core of fire,
Scorching Fists (Uncommon),Wondrous item,390,Uncommon,,Construct,,Phial of oil,
Scorching Fists (Rare),Wondrous item,1870,Rare,,Construct,,Phial of oil,
Scorching Fists (Very Rare),Wondrous item,9060,Very Rare,,Construct,,Phial of oil,
Ser Boncou Rage (Uncommon),Wondrous item,490,Uncommon,,Monstrosity,Shapechanger,Liver,
Ser Boncou Rage (Rare),Wondrous item,1390,Rare,,Monstrosity,Shapechanger,Liver,
Ser Boncou Rage (Very Rare),Wondrous item,9580,Very Rare,,Monstrosity,Shapechanger,Liver,
Silkspun Lantern (Uncommon),Wondrous item,470,Uncommon,,Fey,Moth,Egg,
Silkspun Lantern (Rare),Wondrous item,2180,Rare,,Fey,Moth,Egg,
Silkspun Lantern (Very Rare),Wondrous item,9350,Very Rare,,Fey,Moth,Egg,
Sleuth's Shadowcoat (Uncommon),Wondrous item,760,Uncommon,Req,Undead,Shadow,Ethereal ichor,
Sleuth's Shadowcoat (Rare),Wondrous item,3910,Rare,Req,Undead,Shadow,Ethereal ichor,
Sleuth's Shadowcoat (Very Rare),Wondrous item,12600,Very Rare,Req,Undead,Shadow,Ethereal ichor,
Snow Wolf Cowl (Uncommon),Wondrous item,580,Uncommon,Req,Monstrosity,"Winter wolf",Pelt,
Snow Wolf Cowl (Rare),Wondrous item,2100,Rare,Req,Monstrosity,"Winter wolf",Pelt,
Snow Wolf Cowl (Very Rare),Wondrous item,10400,Very Rare,Req,Monstrosity,"Winter wolf",Pelt,
Soulkeeper Pendant (Rare),Wondrous item,4540,Rare,Opt,Celestial,,Phial of blood,
Soulkeeper Pendant (Very Rare),Wondrous item,12000,Very Rare,Opt,Celestial,,Phial of blood,
Speak No Evil (Common),Wondrous item,50,Common,,Giant,,Tooth,
Spiritual Armblade (Uncommon),Wondrous item,730,Uncommon,Req+,Celestial,,Hair,
Spiritual Armblade (Rare),Wondrous item,3030,Rare,Req+,Celestial,,Hair,
Spiritual Armblade (Very Rare),Wondrous item,9780,Very Rare,Req+,Celestial,,Hair,
Spiritual Armblade (Legendary),Wondrous item,84450,Legendary,Req+,Celestial,,Hair,
Tableturner (Common),Wondrous item,30,Common,,"Construct","Divine-infused",Instructions,
Tableturner (Rare),Wondrous item,4940,Rare,,"Construct","Divine-infused",Instructions,
Tableturner (Very Rare),Wondrous item,11030,Very Rare,,"Construct","Divine-infused",Instructions,
Tail of the Mermalia (Clownfish),Wondrous item,4390,Rare,Req+,Beast,,Fin,
Tail of the Mermalia (Dolphin),Wondrous item,3930,Rare,Req+,Beast,,Fin,
Tail of the Mermalia (Shark),Wondrous item,3440,Rare,Req+,Beast,,Fin,
The Uplifter (Uncommon),Wondrous item,280,Uncommon,-C,Elemental,,"Volatile mote of fire",
The Uplifter (Rare),Wondrous item,1130,Rare,-C,Elemental,,"Volatile mote of fire",
The Uplifter (Very Rare),Wondrous item,6020,Very Rare,-C,Elemental,,"Volatile mote of fire",
Tortuga Cannon (Uncommon),Wondrous item,480,Uncommon,,Dragon,"Dragon turtle",Heart,
Tortuga Cannon (Rare),Wondrous item,2040,Rare,,Dragon,"Dragon turtle",Heart,
Tortuga Cannon (Very Rare),Wondrous item,8880,Very Rare,,Dragon,"Dragon turtle",Heart,
Torture Tincture (Uncommon),Wondrous item,430,Uncommon,,Monstrosity,,Poison gland,
Torture Tincture (Rare),Wondrous item,1810,Rare,,Monstrosity,,Poison gland,
Torture Tincture (Very Rare),Wondrous item,8070,Very Rare,,Monstrosity,,Poison gland,
Translux Candle (Rare),Wondrous item,1120,Rare,-C,Aberration,,Fat,
Translux Candle (Very Rare),Wondrous item,5370,Very Rare,-C,Aberration,,Fat,
Translux Candle (Legendary),Wondrous item,27320,Legendary,-C,Aberration,,Fat,
Undertaker's Cloak (Uncommon),Wondrous item,380,Uncommon,,Undead,Mummy,"Rancid fat",
Undertaker's Cloak (Rare),Wondrous item,1330,Rare,,Undead,Mummy,"Rancid fat",
Undertaker's Cloak (Very Rare),Wondrous item,6320,Very Rare,,Undead,Mummy,"Rancid fat",
Venus Fool's Trap (Rare),Wondrous item,3680,Rare,Req,Plant,,Pouch of leaves,
Venus Fool's Trap (Very Rare),Wondrous item,10710,Very Rare,Req,Plant,,Pouch of leaves,
Venus Fool's Trap (Legendary),Wondrous item,29280,Legendary,Req,Plant,,Pouch of leaves,
Waspberry Jam (Common),Wondrous item,40,Common,-C,Plant,,Phial of sap,
Waspberry Jam (Uncommon),Wondrous item,300,Uncommon,-C,Plant,,Phial of sap,
Weave Stripper (Uncommon),Wondrous item,380,Uncommon,,Aberration,,Tentacle,
Weave Stripper (Rare),Wondrous item,1670,Rare,,Aberration,,Tentacle,
Wings of Prey (Uncommon),Wondrous item,600,Uncommon,Req,Beast,"Giant eagle",Pouch of feathers,
Wings of Prey (Rare),Wondrous item,3520,Rare,Req,Beast,"Giant eagle",Pouch of feathers,
Wings of Prey (Very Rare),Wondrous item,11600,Very Rare,Req,Beast,"Giant eagle",Pouch of feathers,
Wings of the Hellspawn (Uncommon),Wondrous item,560,Uncommon,Req,Fiend,,Skin,
Wings of the Hellspawn (Rare),Wondrous item,3740,Rare,Req,Fiend,,Skin,
Wings of the Hellspawn (Very Rare),Wondrous item,10860,Very Rare,Req,Fiend,,Skin,
Withercap (Uncommon),Wondrous item,560,Uncommon,Req,Plant,,Pouch of spores,
Withercap (Rare),Wondrous item,3320,Rare,Req,Plant,,Pouch of spores,
Withercap (Very Rare),Wondrous item,11650,Very Rare,Req,Plant,,Pouch of spores,